arxiv	0704.3628	
arxiv	0706.0272	
arxiv	0707.4102	
arxiv	0801.1821	
arxiv	0806.1990	
arxiv	0808.0469	
arxiv	0904.2759	
arxiv	0905.2325	Stable URL for Cosset:
arxiv	0912.1585	NEW-AND-LIVE
arxiv	1004.0519	
arxiv	1004.3366	Dickman asymptotic
arxiv	1005.0205	Practical improvements to class group and regulator computation of real quadratic fields
arxiv	1005.3494	
arxiv	1006.3080	
arxiv	1007.2351	
arxiv	1007.4621	The structural bridge.
arxiv	1009.0287	
arxiv	1009.1591	Do not quote the Balog exponent from this scan.
arxiv	1010.0262	
arxiv	1010.1294	
arxiv	1101.0564	arXiv `all:"Pollard rho" AND all:"class group"` →
arxiv	1103.1493	does not lower the constant
arxiv	1103.5699	
arxiv	1109.6398	
arxiv	1111.2321	
arxiv	1111.4022	
arxiv	1112.2009	
arxiv	1112.3333	— low-qubit HSA tradeoffs.
arxiv	1201.0266	
arxiv	1201.2116	
arxiv	1201.6180	
arxiv	1202.5707	
arxiv	1205.5896	
arxiv	1207.7138	
arxiv	1208.0928	
arxiv	1208.5992	false accusation of subagent fabrication
arxiv	1209.5520	Factoring using multiplicative relations modulo n
arxiv	1210.1267	
arxiv	1210.1451	"On the Complexity of the Multivariate Resultant"
arxiv	1210.3003	
arxiv	1210.6945	
arxiv	1211.6246	Fontein–Wocjan
arxiv	1212.1958	
arxiv	1212.5069	
arxiv	1212.6703	
arxiv	1301.7007	
arxiv	1302.3143	
arxiv	1303.1998	
arxiv	1303.7337	
arxiv	1304.3061	
arxiv	1304.6937	
arxiv	1307.1907	
arxiv	1308.0395	
arxiv	1309.1393	
arxiv	1309.2730	
arxiv	1309.3595	
arxiv	1311.1074	
arxiv	1311.1654	
arxiv	1311.7556	No Burgess-type bound can price the split density where the sieve lives.
arxiv	1402.6623	
arxiv	1403.0184	
arxiv	1403.1852	
arxiv	1404.5320	
arxiv	1406.3073	
arxiv	1406.3660	
arxiv	1408.0718	small-characteristic Function Field Sieve constant for DISCRETE LOGS
arxiv	1408.2738	
arxiv	1410.3012	
arxiv	1410.4412	
arxiv	1410.7073	`B = N^{1/4}`
arxiv	1411.4028	
arxiv	1412.3820	
arxiv	1412.6011	
arxiv	1412.7420	
arxiv	1501.04111	
arxiv	1502.07953	
arxiv	1503.05221	
arxiv	1504.00694	
arxiv	1504.03511	
arxiv	1505.01700	
arxiv	1505.06736	
arxiv	1506.01396	
arxiv	1506.02907	
arxiv	1506.06042	
arxiv	1507.06937	
arxiv	1508.07660	
arxiv	1508.07661	
arxiv	1512.01291	
arxiv	1512.02192	
arxiv	1602.06739	Provenance note.
arxiv	1605.02162	
arxiv	1605.08065	An earlier 'now also a THEOREM' upgrade is STRUCK — it was my error.
arxiv	1607.04514	
arxiv	1608.05822	
arxiv	1608.08766	"The genus of X_5 is equal to g(X_5) = 17"
arxiv	1609.05386	
arxiv	1610.05759	
arxiv	1611.03293	
arxiv	1611.07995	
arxiv	1612.04161	
arxiv	1701.01450	
arxiv	1701.05838	
arxiv	1701.06869	
arxiv	1702.00249	
arxiv	1704.08670	
arxiv	1705.00343	
arxiv	1706.07884	
arxiv	1707.02562	Eur. Phys. J. C 77 no. 12, (2017) 872, Corrections and a Precision Global Fit for αs (mZ),
arxiv	1708.07495	
arxiv	1709.02411	
arxiv	1709.02442	#J(F_q) = q^g(1+o(1))
arxiv	1710.01350	
arxiv	1710.01848	arXiv `all:"class group descent"` →
arxiv	1710.01970	located no source whatsoever
arxiv	1711.02491	
arxiv	1711.02983	
arxiv	1711.05755	
arxiv	1712.05165	
arxiv	1801.01081	
arxiv	1802.03398	
arxiv	1803.00745	
arxiv	1803.01853	
arxiv	1803.11173	
arxiv	1804.05859	
arxiv	1805.03662	
arxiv	1805.08873	Handbook of Applied Cryptography
arxiv	1805.11948	
arxiv	1805.12037	
arxiv	1806.05197	
arxiv	1807.05270	Sources opened:
arxiv	1807.09675	The program's correction — that "the 'Harvey &' was the fabrication" — is confirmed correct.
arxiv	1808.02892	
arxiv	1808.06709	
arxiv	1808.08927	
arxiv	1809.02254	
arxiv	1812.04133	
arxiv	1812.10505	
arxiv	1901.07296	
arxiv	1901.11428	This is the paper to cite.
arxiv	1902.02134	
arxiv	1902.08158	
arxiv	1902.10673	
arxiv	1904.02703	
arxiv	1904.07356	
arxiv	1905.06903	
arxiv	1905.07682	
arxiv	1905.09084	
arxiv	1905.09749	Opened and read:
arxiv	1909.03123	
arxiv	1910.07049	
arxiv	1910.09592	
arxiv	1911.06156	
arxiv	1911.09176	
arxiv	1911.11004	and one of its twists
arxiv	1912.00345	
arxiv	1912.06532	
arxiv	1912.07550	
arxiv	1912.10053	
arxiv	1912.11733	
arxiv	2001.04986	
arxiv	2001.09076	
arxiv	2001.09814	not additively closed
arxiv	2001.10860	— Schnorr-lattice factoring, which the program closed. Recorded only because it is genuinely 2025 work on factoring that is
arxiv	2002.03811	
arxiv	2003.00077	
arxiv	2003.02288	
arxiv	2004.05150	
arxiv	2005.04545	
arxiv	2006.06197	None of these is claimed real.
arxiv	2006.16729	it is a baby-step/giant-step method, not a sieve and not a lattice method
arxiv	2007.02689	
arxiv	2007.02730	already a theorem
arxiv	2008.04020	
arxiv	2009.06514	
arxiv	2010.01250	
arxiv	2010.05450	different paper
arxiv	2010.05490	still priced at `L[1/2]`
arxiv	2011.04149	
arxiv	2011.14114	
arxiv	2012.04684	
arxiv	2012.09238	
arxiv	2012.09265	
arxiv	2012.15297	
arxiv	2101.07267	
arxiv	2101.09151	
arxiv	2102.01192	
arxiv	2102.08039	
arxiv	2103.04974	
arxiv	2103.05247	
arxiv	2103.06159	
arxiv	2103.06309	
arxiv	2103.08612	
arxiv	2104.00355	
arxiv	2104.07509	
arxiv	2105.04370	
arxiv	2105.11105	This survey cannot be cited for ECM cost constants.
arxiv	2106.00813	The genus arithmetic is a rediscovery
arxiv	2106.04624	
arxiv	2106.10289	
arxiv	2106.11260	
arxiv	2107.05604	
arxiv	2108.03628	
arxiv	2108.08897	
arxiv	2109.02653	
arxiv	2109.02746	
arxiv	2109.03264	
arxiv	2109.03537	
arxiv	2109.09599	practical, representational
arxiv	2109.12072	
arxiv	2110.08354	J. ACM 71(2):1–79 (2024)
arxiv	2110.10794	
arxiv	2111.05176	
arxiv	2111.07402	
arxiv	2111.09849	
arxiv	2111.10431	
arxiv	2111.13856	
arxiv	2111.14180	Downgrade the smoothness closure
arxiv	2111.14509	
arxiv	2112.03923	
arxiv	2112.08352	
arxiv	2112.13847	
arxiv	2201.07791	| The ℚ-kernel supplies a
arxiv	2201.13424	
arxiv	2202.12401	
arxiv	2203.00633	
arxiv	2203.01565	
arxiv	2203.04911	
arxiv	2203.05394	
arxiv	2203.10064	
arxiv	2203.16634	
arxiv	2204.10671	
arxiv	2205.06125	
arxiv	2205.10074	
arxiv	2206.14408	The `O(N)` is the wrong quantity entirely.
arxiv	2207.04739	
arxiv	2207.07056	
arxiv	2208.05603	
arxiv	2208.07085	
arxiv	2209.11650	Discrete Denoising Diffusion Approach to Integer Factorization
arxiv	2209.15586	
arxiv	2210.03661	The arXiv IDs in my task brief are WRONG.
arxiv	2210.04835	reduction is a
arxiv	2210.05496	Not He–Sahai.
arxiv	2210.11197	
arxiv	2210.15844	
arxiv	2211.06821	valuation law
arxiv	2211.07629	
arxiv	2211.14399	
arxiv	2212.04999	
arxiv	2212.06127	
arxiv	2212.11724	Rigor for the smooth-number asymptotic
arxiv	2212.12372	
arxiv	2212.14205	
arxiv	2301.10529	cite (0 grep hits):
arxiv	2303.12781	lepton-pair production: qT resummation at JHEP 08 (2019) 129, arXiv:1902.08158 [hep-ph]. approximate N4 LL+N4 LO accuracy,
arxiv	2304.08718	Solving the Generalized Implicit Factorization Problem
arxiv	2304.10713	
arxiv	2305.12773	
arxiv	2306.08585	
arxiv	2306.11353	
arxiv	2307.03065	
arxiv	2308.06130	`Round51_ShapeGap.md:66` says
arxiv	2308.06572	Shor is POLYNOMIAL, not L[1/3, c]. There is no "quantum factoring constant" of L-form.
arxiv	2308.07915	
arxiv	2308.11539	
arxiv	2309.01754	
arxiv	2309.05295	
arxiv	2309.08198	
arxiv	2309.10757	
arxiv	2310.00899	
arxiv	2311.05545	
arxiv	2312.04522	— Sec 3.1-3.2, Tables 2-5.
arxiv	2402.11269	No lower bound on smoothness-based factoring is known.
arxiv	2403.03991	
arxiv	2403.18006	
arxiv	2404.04239	
arxiv	2404.16450	
arxiv	2405.20552	
arxiv	2406.18764	
arxiv	2406.20071	
arxiv	2407.07103	Nearest neighbour, and why it does not contain the result:
arxiv	2407.18393	
arxiv	2408.10001	
arxiv	2408.13687	
arxiv	2409.03486	
arxiv	2409.05761	
arxiv	2409.12688	
arxiv	2409.14283	
arxiv	2409.14765	
arxiv	2409.17595	
arxiv	2410.02213	
arxiv	2410.02753	
arxiv	2410.03628	
arxiv	2410.14397	
arxiv	2410.16355	The relevance claim is
arxiv	2410.22210	
arxiv	2411.10406	
arxiv	2411.17330	
arxiv	2412.05425	
arxiv	2501.10883	
arxiv	2502.10530	
arxiv	2502.11402	
arxiv	2502.19406	
arxiv	2503.00950	
arxiv	2503.05003	
arxiv	2503.10158	
arxiv	2503.10390	
arxiv	2503.15428	
arxiv	2504.08063	And the axis is closed anyway
arxiv	2504.21168	
arxiv	2505.15907	
arxiv	2505.15917	Opened and read:
arxiv	2505.17185	
arxiv	2506.03094	
arxiv	2506.07668	
arxiv	2506.12844	, compression
arxiv	2506.14928	≥2.045×10⁴ s and unbounded above
arxiv	2507.07055	(page image read) — the only claim found that would
arxiv	2507.07179	
arxiv	2508.05331	
arxiv	2508.19160	
arxiv	2509.05010	I make NO claims on any of these.
arxiv	2509.05212	
arxiv	2509.12705	
arxiv	2510.04521	
arxiv	2510.08432	Depth (the non-standard model), with the authors' own numbers
arxiv	2510.13292	
arxiv	2510.17286	
arxiv	2510.19390	arXiv:2601.02518
arxiv	2511.02733	
arxiv	2511.10851	CONDITIONAL:
arxiv	2511.15989	
arxiv	2511.18198	unverified, not known-bad
arxiv	2512.01588	
arxiv	2512.11004	the one real 2026 hit
arxiv	2512.15330	arXiv:2507.07055
arxiv	2512.19076	unverified, not known-bad
arxiv	2512.20636	
arxiv	2512.24685	
arxiv	2601.02518	Contents NOT read.
arxiv	2601.11131	Round 55 · 2026-10-05 · Aether factoring programme
arxiv	2601.14006	
arxiv	2601.17422	Fabrication flag:
arxiv	2602.11457	433 belongs to GE21 in
arxiv	2602.13371	(`L(1,χ_D)`, not just an `lpf`/`Q`/sqrt). It is
arxiv	2603.07589	(`Round47_ChebotarevAndRetraction.md:112` says "closed by a 2025 survey"), and it
arxiv	2603.27398	Ajtai STOC 2003
arxiv	2603.28627	
arxiv	2603.28846	
arxiv	2605.05347	
arxiv	2605.08846	
arxiv	2605.09592	
arxiv	2605.18555	
arxiv	2606.06024	Recent Progress around Cohen-Lenstra Heuristics
arxiv	2606.07785	
arxiv	2606.13018	
arxiv	2606.17487	four record defects
arxiv	2606.24717	Rigorous Analysis of a Randomised Number Field Sieve
arxiv	2606.27293	"Chuyoon" is a real given name.
arxiv	2607.02364	"Deterministic Algorithms for Low Individual Degree Factors of Sparse Polynomials"
arxiv	2607.21883	
arxiv	2608.06681	Xinjie He and Amit Sahai,
arxiv	2609.15166	
arxiv	2609.24316	
arxiv	2609.25393	
arxiv	2609.35610	
arxiv	2610.02101	
arxiv	cond-mat/9712010	
arxiv	hep-ph/0002078	
arxiv	hep-ph/0008184	
arxiv	hep-ph/0012348	
arxiv	hep-ph/0102237	
arxiv	hep-ph/0202251	
arxiv	hep-ph/0408244	
arxiv	hep-ph/0411261	
arxiv	hep-ph/0506225	
arxiv	hep-ph/0508068	
arxiv	hep-ph/0601245	
arxiv	hep-ph/0607200	
arxiv	hep-ph/9311341	
arxiv	hep-ph/9604351	
arxiv	hep-ph/9701390	
arxiv	hep-ph/9704239	
arxiv	hep-ph/9709442	
arxiv	hep-ph/9905391	
arxiv	math/0411096	specifically |
arxiv	math/0412252	Do not re-issue them from memory.
arxiv	math/0606607	Sources opened:
arxiv	math/0612252	Smoothness of polynomials
arxiv	math/0612734	
arxiv	math/9204234	
arxiv	quant-ph/0002066	"Quantum lower bounds by quantum arguments"
arxiv	quant-ph/0007010	
arxiv	quant-ph/0010034	
arxiv	quant-ph/0011013	
arxiv	quant-ph/0012086	"Entangled coherent states: teleportation and decoherence"
arxiv	quant-ph/0102078	
arxiv	quant-ph/0112055	
arxiv	quant-ph/0201067	
arxiv	quant-ph/0202053	
arxiv	quant-ph/0208112	
arxiv	quant-ph/0208183	
arxiv	quant-ph/0301141	
arxiv	quant-ph/0303175	
arxiv	quant-ph/0305028	
arxiv	quant-ph/0305179	
arxiv	quant-ph/0310134	
arxiv	quant-ph/0311001	
arxiv	quant-ph/0311039	
arxiv	quant-ph/0311060	
arxiv	quant-ph/0402095	
arxiv	quant-ph/0403025	
arxiv	quant-ph/0406145	
arxiv	quant-ph/0406196	
arxiv	quant-ph/0508138	
arxiv	quant-ph/0607046	
arxiv	quant-ph/0607148	| ✅ The whole chain is uniform-`g`. A non-uniform base is a
arxiv	quant-ph/9503007	
arxiv	quant-ph/9508015	
arxiv	quant-ph/9508027	" appears not to exist.
arxiv	quant-ph/9605043	
arxiv	quant-ph/9710043	Opened and read:
arxiv	quant-ph/9802049	
arxiv	quant-ph/9805082	
arxiv	quant-ph/9807006	
arxiv	quant-ph/9901065	
arxiv	quantph/0303074	
arxiv	quantph/0304161	
