doi	10.1006/jabr	
doi	10.1006/jcss.2002.1826	
doi	10.1006/jsco.1993.1055	(1993), no.5, 401–412. [MR
doi	10.1006/jsco.1994.1025	(1994), no.5, 371–391. [MR
doi	10.1006/jsco.1995.1055	(1995), no.4, 363–397. [MR
doi	10.1006/jsco.1996.0125	
doi	10.1006/jsco.1999.1001	
doi	10.1006/jsco.1999.1002	
doi	10.1006/jsco.2000.0370	(2000) 179–194 |
doi	10.1006/jsco.2002.0533	
doi	10.1007/10722028_11	
doi	10.1007/11426639_15	EUROCRYPT 2005, pp. 251–267
doi	10.1007/11426639_22	Ernst, Jochemsz, May, de Weger, EUROCRYPT 2005
doi	10.1007/11590156_6	
doi	10.1007/11745853_1	| `RESEARCH.md:632` | Crossref:
doi	10.1007/11792086_18	The real paper is ANTS-VII
doi	10.1007/11792086_37	
doi	10.1007/3-540-39757-4_17	
doi	10.1007/3-540-48910-X_	
doi	10.1007/3-540-48910-X_1	
doi	10.1007/3-540-49208-9_15	
doi	10.1007/3-540-49264-x_9	EUROCRYPT '95
doi	10.1007/3-540-58691-1	Ithaca, NY, May 6–9 1994
doi	10.1007/3-540-58691-1_58	ANTS-I, LNCS 877, 1994, pp. 209–219
doi	10.1007/3-540-61581-4	"LNCS 877 is ANTS-II (1996)."
doi	10.1007/3-540-61581-4_45	
doi	10.1007/3-540-61581-4_66	
doi	10.1007/3-540-68339-9_14	
doi	10.1007/3-540-68339-9_16	
doi	10.1007/3-540-68339-9_16.pdf	URL fetched:
doi	10.1007/3-540-68697-5_22	
doi	10.1007/3-540-69053-0_18	Unverified leads left for the next round (see R1.10): Maurer,
doi	10.1007/3-540-69053-0_5	
doi	10.1007/978-1-4684-4730-9_9	
doi	10.1007/978-1-4939-7560-0	
doi	10.1007/978-3-030-45388-6_17	
doi	10.1007/978-3-030-56880-1_3	
doi	10.1007/978-3-030-60026-6_19	
doi	10.1007/978-3-030-65411-5_15	
doi	10.1007/978-3-031-53368-6_18	Solving the Generalized Implicit Factorization Problem
doi	10.1007/978-3-319-05446-9_4	
doi	10.1007/978-3-319-22425-1_5	
doi	10.1007/978-3-319-56620-7_2	EUROCRYPT 2017
doi	10.1007/978-3-319-56620-7_7	
doi	10.1007/978-3-319-56620-7_8	
doi	10.1007/978-3-540-24676-3_29	Advances in Cryptology — EUROCRYPT 2004
doi	10.1007/978-3-540-45772-7_19	Factorization of a 512-Bit RSA Modulus
doi	10.1007/978-3-540-70529-1_173	
doi	10.1007/978-3-540-76900-2_	
doi	10.1007/978-3-540-76900-2_1	
doi	10.1007/978-3-540-76900-2_1.pdf	
doi	10.1007/978-3-540-79456-1_12	
doi	10.1007/978-3-540-89255-7_25	ASIACRYPT 2008, pp. 406–424
doi	10.1007/978-3-540-89255-7_25.pdf	URL fetched:
doi	10.1007/978-3-642-00468-1_1	
doi	10.1007/978-3-642-03356-8_1	CRYPTO 2009, pp. 1–17
doi	10.1007/978-3-642-10366-7_28	ASIACRYPT 2009 —
doi	10.1007/978-3-642-13013-7_5	
doi	10.1007/978-3-642-14623-7_18	
doi	10.1007/978-3-642-31284-7	
doi	10.1007/978-3-642-31284-7_14	
doi	10.1007/978-3-642-31662-3_15	
doi	10.1007/978-3-642-38631-2_29	That is the seventh wrong identifier this campaign, and the second phantom citation of a named result.
doi	10.1007/978-3-642-42045-0_18	
doi	10.1007/978-3-642-56755-1_25	
doi	10.1007/978-3-662-02945-9	
doi	10.1007/978-3-662-43799-5	
doi	10.1007/978-3-662-44709-3_13	
doi	10.1007/978-3-662-45611-8_19	
doi	10.1007/978-3642-10366-7	
doi	10.1007/BF00198464	(Coppersmith,
doi	10.1007/BF00608144	
doi	10.1007/BF01095643.pdf	
doi	10.1007/BF01104107	(1992), no.3, 842–849. [MR
doi	10.1007/BF01202355	
doi	10.1007/BF01272074	(1992), no.3, 187–224. [MR
doi	10.1007/BF01386831	(1993), no.2, 81–87. [MR
doi	10.1007/BF01389745	
doi	10.1007/BF01390234	(1979), no.3, 271–296. [MR
doi	10.1007/BF01547799	(1983), no.4, 275–286. [MR
doi	10.1007/BF01818569	
doi	10.1007/BF01840433	
doi	10.1007/BF01933667	Contents NOT read.
doi	10.1007/BF02124680	(1989), no.2, 199–206. [MR
doi	10.1007/BF02351719	Journal of Cryptology 1
doi	10.1007/BF02843959	(1963), 129–136. [MR
doi	10.1007/BFb0023837	
doi	10.1007/BFb0091534	
doi	10.1007/BFb0091537	
doi	10.1007/BFb0091538	
doi	10.1007/BFb0091539	LNM 1554 (1993) 50–94
doi	10.1007/S001459910010	
doi	10.1007/bf00198464	paper on acoustic correlation functions.
doi	10.1007/bf01206320	Ueli Maurer, "On the oracle complexity of factoring integers"
doi	10.1007/bf01931367	(1976), no.2, 146–160. [MR
doi	10.1007/bfb0036913	
doi	10.1007/bfb0054125	
doi	10.1007/bfb0091535	
doi	10.1007/bfb0091539	The Development of the Number Field Sieve
doi	10.1007/s00022-012-0115-5	
doi	10.1007/s00037-004-0182-6	
doi	10.1007/s00037-007-0219-8	Comput. Complex.
doi	10.1007/s00037-011-0024-2	
doi	10.1007/s00037-013-0072-x	
doi	10.1007/s00037-021-00205-2	
doi	10.1007/s00037-022-00234-5	
doi	10.1007/s00037-023-00239-8	
doi	10.1007/s00145-001-0009-4	
doi	10.1007/s001459900030	J. Cryptology 10(4):233–260 (1997)
doi	10.1007/s001459900030.pdf	URL fetched:
doi	10.1007/s00200-003-0144-2	
doi	10.1007/s00200-017-0336-9	Aono–Agrawal–Satoh–Watanabe
doi	10.1007/s002220050059	
doi	10.1007/s00605-024-02036-z	
doi	10.1007/s10208-019-09422-2	
doi	10.1007/s10240-008-0016-1	
doi	10.1007/s10623-013-9803-x	
doi	10.1007/s10623-020-00783-2	
doi	10.1007/s11139-011-9304-3	
doi	10.1007/s11227-024-06478-y	J. Supercomputing 81
doi	10.1007/s11432-017-9176-5	
doi	10.1007/s40993-024-00585-8	Research in Number Theory 11(1), art. 9, published 2024-12-08
doi	10.1016/0020-0190	(1991), no.1, 39–42. [MR
doi	10.1016/0020-0190(90)90195-4	Inf. Process. Lett.
doi	10.1016/0020-0190(91)90212-Z	(1991), no.1, 39–42. [MR
doi	10.1016/0020-0190(91)90212-z	Information Processing Letters
doi	10.1016/0022-314X(83)90002-1	
doi	10.1016/0022-314X(86)90013-2	
doi	10.1016/0024-3795	
doi	10.1016/0024-3795(93)90238-J	(1993), 101–108. Computational linear algebra in algebraic and related problems (Essen, 1992). [MR
doi	10.1016/0196-6774	(1988), no.3, 391–400. [MR
doi	10.1016/0196-6774(80)90013-9	(1980), no.3, 259–295. [MR
doi	10.1016/0196-6774(82)90012-8	
doi	10.1016/0196-6774(88)90026-0	(1988), no.3, 354–364. [MR
doi	10.1016/0196-6774(88)90029-6	(1988), no.3, 391–400. [MR
doi	10.1016/0304-3975	(1987), no.1-2, 77–89. [MR
doi	10.1016/0304-3975(83)90054-3	(1983), no.2, 171–185. [MR
doi	10.1016/0304-3975(83)90110-X	(1983), no.3, 317–330. [MR
doi	10.1016/0304-3975(87)90081-8	(1987), no.1-2, 77–89. [MR
doi	10.1016/S0022-0000(76)80043-8	should be checked before publishing §2.
doi	10.1016/S0024-3795(98)10012-5	
doi	10.1016/S0304-3975(01)00144-X	
doi	10.1016/S0747-7171	(1990), no.3, 251–280. [MR
doi	10.1016/S0747-7171(08)80013-2	(1990), no.3, 251–280. [MR
doi	10.1016/S0747-7171(08)80158-7	(1990), no.6, 547–570. [MR
doi	10.1016/S0893-9659(00)00159-2	Appl. Math. Lett.
doi	10.1016/S1385-7258(51)50008-2	
doi	10.1016/j.jcss.2005.06.006	
doi	10.1016/j.jnt.2017.10.019	Rigorous analysis of a randomised number field sieve
doi	10.1016/j.jsc.2019.07.013	
doi	10.1016/j.jsc.2020.04.006	
doi	10.1016/j.jsc.2020.04.011	
doi	10.1016/j.jsc.2025.102507	
doi	10.1016/j.tcs.2005.01.019	
doi	10.1017/9781316271575.006	Topics in Computational Number Theory Inspired by Peter L. Montgomery
doi	10.1017/S002776300000489X	
doi	10.1017/S0305004100049252	
doi	10.1017/S0305004100065841	
doi	10.1017/S0963548399003764	
doi	10.1017/cbo9780511662027.007	
doi	10.1017/fms.2018.10	
doi	10.1017/fms.2022.40	
doi	10.1023/A:1000281602647	
doi	10.1023/A:1008397921377	
doi	10.1023/a:1008319518035	
doi	10.1023/a:1008397921377	
doi	10.1038/s41467-025-	
doi	10.1038/s41467-025-59714-1	| Not merely a preprint:
doi	10.1038/s41534-020-0257-5	
doi	10.1038/s41534021-00478-z	
doi	10.1038/s41598-024-53708-7	
doi	10.1070/SM1989v063n02ABEH003288	(1989), no.2, 507–519. [MR
doi	10.1070/SM1992v071n01ABEH001389	(1992), no.1, 41–50. [MR
doi	10.1080/07468342.2000.11974137	
doi	10.1088/1367-2630/14/12/123011	
doi	10.1090/CONM/754/15139	
doi	10.1090/S0025-5718-02-01482-5	
doi	10.1090/S0025-5718-06-01870-9	
doi	10.1090/S0025-5718-09-02295-9	
doi	10.1090/S0025-5718-1969-0247789-3	
doi	10.1090/S0025-5718-1970-0276200-X	](https://www.ams.org/mcom/1970-24-111/) (1970), 713–735. [MR
doi	10.1090/S0025-5718-1981-0595059-1	
doi	10.1090/S0025-5718-1981-0606517-5	(1981), [no.154](https://www.ams.org/mcom/1981-36-154/), 587–592. [MR
doi	10.1090/S0025-5718-1984-0744939-5	, "A Monte Carlo factoring algorithm with linear storage",
doi	10.1090/S0025-5718-1987-0866119-8	Math. Comp. 48 (Jan 1987) 329–339
doi	10.1090/S0025-5718-1989-0969490-3	
doi	10.1090/S0025-5718-1990-0993933-0	(1990), [no.189](https://www.ams.org/mcom/1990-54-189/), 435–447. [MR
doi	10.1090/S0025-5718-1990-1023756-8	
doi	10.1090/S0025-5718-1991-1052099-2	(1991), [no.193](https://www.ams.org/mcom/1991-56-193/), 329–347. [MR
doi	10.1090/S0025-5718-1992-1106981-9	(sole author), "Searching for primitive roots in finite fields",
doi	10.1090/S0025-5718-1994-1192970-7	
doi	10.1090/S0025-5718-1995-1270621-1	
doi	10.1090/S0025-5718-2012-02633-0	
doi	10.1090/S0025-5718-2014-02919-0	
doi	10.1090/S0025-5718-2015-02926-3	
doi	10.1090/S0025-5718-96-00775-2	
doi	10.1090/S0025-5718-98-00944-2	Journal: Math. Comp.
doi	10.1090/S0025-5718-99-00992-8	
doi	10.1090/conm/754	
doi	10.1090/dol/034/15	, Bull. AMS (2001) |
doi	10.1090/gsm/047	
doi	10.1090/mcom/2961	
doi	10.1090/mcom/3058	
doi	10.1090/mcom/3112	
doi	10.1090/mcom/3313	, Math. Comp. 87 (2018)
doi	10.1090/mcom/3658	Math. Comp. 90(332):2937–2950 (2021)
doi	10.1090/mcom/3920	
doi	10.1090/mcom/3933	
doi	10.1090/mcom/3946	
doi	10.1090/mcom/4001	
doi	10.1090/mcom/4107	
doi	10.1090/mcom/4122	
doi	10.1090/mcom/4129	
doi	10.1090/mcom/4133	
doi	10.1090/mcom/4135	
doi	10.1090/mcom/4140	
doi	10.1090/mcom/4141	
doi	10.1090/mcom/4144	
doi	10.1090/mcom/4145	
doi	10.1090/mcom/4146	
doi	10.1090/mcom/4147	
doi	10.1090/mcom/4148	
doi	10.1090/mcom/4149	
doi	10.1090/mcom/4150	
doi	10.1090/mcom/4151	
doi	10.1090/mcom/4152	
doi	10.1090/mcom/4153	
doi	10.1090/mcom/4154	
doi	10.1090/mcom/4155	
doi	10.1090/mcom/4156	
doi	10.1090/mcom/4157	
doi	10.1090/mcom/4158	
doi	10.1090/mcom/4159	
doi	10.1090/mcom/4160	
doi	10.1090/mcom/4161	
doi	10.1090/mcom/4162	
doi	10.1090/mcom/4163	
doi	10.1090/mcom/4166	
doi	10.1090/mcom/4167	
doi	10.1090/mcom/4168	
doi	10.1090/mcom/4169	
doi	10.1090/mcom/4170	
doi	10.1090/mcom/4171	
doi	10.1090/mcom/4172	
doi	10.1090/mcom/4173	
doi	10.1090/mcom/4175	
doi	10.1090/mcom/4176	
doi	10.1090/mcom/4177	
doi	10.1090/mcom/4179	
doi	10.1090/mcom/4180	
doi	10.1090/mcom/4181	
doi	10.1090/mcom/4182	
doi	10.1090/mcom/4183	
doi	10.1090/mcom/4184	
doi	10.1090/mcom/4185	
doi	10.1090/mcom/4186	
doi	10.1090/mcom/4187	
doi	10.1090/mcom/4188	
doi	10.1090/mcom/4189	
doi	10.1090/mcom/4190	
doi	10.1090/mcom/4191	
doi	10.1090/mcom/4192	
doi	10.1090/mcom/4193	
doi	10.1090/mcom/4194	
doi	10.1090/mcom/4195	
doi	10.1090/mcom/4196	
doi	10.1090/mcom/4197	
doi	10.1090/mcom/4198	
doi	10.1090/mcom/4199	
doi	10.1090/mcom/4200	
doi	10.1090/mcom/4201	
doi	10.1090/mcom/4202	
doi	10.1090/mcom/4203	
doi	10.1090/mcom/4204	
doi	10.1090/mcom/4205	
doi	10.1090/mcom/4206	
doi	10.1090/mcom/4207	
doi	10.1090/mcom/4208	
doi	10.1090/mcom/4209	
doi	10.1090/mcom/4210	
doi	10.1090/mcom/4211	
doi	10.1090/mcom/4212	
doi	10.1090/mcom/4213	
doi	10.1090/mcom/4214	
doi	10.1090/mcom/4215	
doi	10.1090/mcom/4216	
doi	10.1090/mcom/4217	
doi	10.1090/mcom/4218	
doi	10.1090/mcom/4219	
doi	10.1090/mcom/4220	
doi	10.1090/mcom/4221	
doi	10.1090/mcom/4222	
doi	10.1090/mcom/4223	
doi	10.1090/mcom/4224	
doi	10.1090/mcom/4225	
doi	10.1090/mcom/4226	
doi	10.1090/mcom/4227	
doi	10.1090/mcom/4228	
doi	10.1090/mcom/4229	
doi	10.1090/mcom/4230	
doi	10.1090/mcom/4232	
doi	10.1090/mcom/4233	
doi	10.1090/mcom/4234	
doi	10.1090/mcom/4235	
doi	10.1090/mcom/4236	
doi	10.1090/mcom/4237	
doi	10.1090/mcom/4238	
doi	10.1090/mcom/4239	
doi	10.1090/mcom/4240	
doi	10.1090/mcom/4242	
doi	10.1090/mcom/4243	
doi	10.1090/mcom/4244	
doi	10.1090/mcom/4245	
doi	10.1090/mcom/4246	
doi	10.1090/mcom/4247	
doi	10.1090/mcom/4248	
doi	10.1090/mcom/4249	
doi	10.1090/mcom/4250	
doi	10.1090/mcom/4251	
doi	10.1090/mcom/4252	
doi	10.1090/mcom/4254	
doi	10.1090/mcom/4255	
doi	10.1090/mcom/4256	
doi	10.1090/mcom/4258	
doi	10.1090/mcom/4259	
doi	10.1090/mcom/4260	
doi	10.1090/mcom/4261	
doi	10.1090/mcom/4262	
doi	10.1090/mcom/4263	
doi	10.1090/mcom/4264	
doi	10.1090/mcom/4265	
doi	10.1090/mcom/4267	
doi	10.1090/mcom/4268	
doi	10.1090/mcom/4270	
doi	10.1090/mcom/4271	
doi	10.1090/mcom/4272	
doi	10.1090/mcom/4273	
doi	10.1090/mcom/4274	
doi	10.1090/mcom/4275	
doi	10.1090/mcom/4276	
doi	10.1090/mcom/4277	
doi	10.1090/mcom/4278	
doi	10.1090/mcom/4279	
doi	10.1090/mcom/4281	
doi	10.1090/mcom/4284	
doi	10.1090/mcom3048	
doi	10.1090/s0002-9904-1949-09337-0	
doi	10.1090/s0025-5718-1984-0744939-5	
doi	10.1090/s0025-5718-1985-0790658-x	Mathematics of Computation 45
doi	10.1090/s0025-5718-1987-0878705-x	
doi	10.1090/s0025-5718-1990-1023756-8	
doi	10.1090/s0025-5718-1993-1225541-3	Math. Comp. 61
doi	10.1090/s0894-0347-1992-1137100-0	, "A rigorous time bound for factoring integers",
doi	10.1093/qmath/4.1.4	(1953), 4–10. [MR
doi	10.1093/qmath/7.1.110	(1956), 110–124. [MR
doi	10.1093/qmath/hay010	
doi	10.1098/rsta.1993.0139	
doi	10.1103/PRXQuantum.3.010331	
doi	10.1103/PhysRevA	
doi	10.1103/PhysRevA.54.1034	
doi	10.1103/PhysRevA.71.052320	
doi	10.1103/PhysRevA.86.032324	
doi	10.1103/PhysRevA.95.032338	
doi	10.1103/PhysRevX.2.031007	
doi	10.1103/PhysRevX.8.041015	
doi	10.1103/phys-	
doi	10.1103/physreva.54.1034	
doi	10.1103/physreva.54.147	
doi	10.1103/physreva.71.052320	
doi	10.1103/physreva.83.012320	
doi	10.1103/physreva.89.022326	
doi	10.1103/physrevlett.129.050504	
doi	10.1103/physrevlett.85.3049	
doi	10.1103/physrevx.11.031039	
doi	10.1103/physrevx.8.041015	
doi	10.1103/prxquantum.3.010331	
doi	10.1109/CCC.2003.1214419	
doi	10.1109/CCC.2004.1313852	
doi	10.1109/CCC.2008.9	
doi	10.1109/FOCS.2004.52	
doi	10.1109/HST.2017.7951801	
doi	10.1109/SFCS.1994.365700	SIAM J. Comput. 26 (1997) 1484
doi	10.1109/SFCS.1998.743485	
doi	10.1109/SFCS.2000.8147xx	Not verified, do not use:
doi	10.1109/SFCS.2000.892140	
doi	10.1109/SFCS.2003.1238197	
doi	10.1109/SFFCS.1999.814608	
doi	10.1109/TIT	
doi	10.1109/TIT.1986.1057137	(1986), no.1, 54–62. [MR
doi	10.1109/TIT.1987.1057299	(1987), no.3, 428–431. [MR
doi	10.1109/TIT.2011.2137270	
doi	10.1109/access.2023.3264590	, verbatim:
doi	10.1109/ccc.2005.22	
doi	10.1109/sfcs.2000.892140	
doi	10.1109/tit.1969.1054260	(1969), 122–127. [MR
doi	10.1112/S0025579300004575	
doi	10.1112/S0025579300005027	(1972), 112–114. [MR
doi	10.1112/S1461157016000164	
doi	10.1112/jlms/s2-39.1.16	
doi	10.1112/plms/pdp057	
doi	10.1112/plms/s3-17.1.11	(1967), 11–25. [MR
doi	10.1112/plms/s3-33.3.565	
doi	10.1112/s1461157013000065	— sourced only to Lemmermeyer,
doi	10.1137/0209024	(1980), no.2, 273–280. [MR
doi	10.1137/0211037	(1982), no.3, 467–471. [MR
doi	10.1137/05063235X	
doi	10.1137/050639090	
doi	10.1137/050643684	
doi	10.1137/090765328	
doi	10.1137/20m1332190	
doi	10.1137/S0097539705447311	
doi	10.1137/S0097539795293172	Related DOI:
doi	10.1137/S0097539796300921	
doi	10.1137/S0895479892230031	
doi	10.1137/s0097539796302749	SIAM J. Comput. 28(5):1689–1721 (1999)
doi	10.1142/s0219749910006435	
doi	10.1145/100216.100295	
doi	10.1145/103418.103432	, Springer 1993 (DOI `10.1007/bfb0091539`) →
doi	10.1145/1073884.1073914	
doi	10.1145/1132516.1132604	
doi	10.1145/1250790.1250867	
doi	10.1145/1555754.1555802	
doi	10.1145/258533.258590	
doi	10.1145/2608628.2608647	
doi	10.1145/2930889.2930908	
doi	10.1145/322092.322099	(1978), no.4, 581–595. [MR
doi	10.1145/3292035	
doi	10.1145/3452143.3465525	
doi	10.1145/3452143.3465543	
doi	10.1145/3465002.3465003	
doi	10.1145/3476446.3535501	
doi	10.1145/3476446.3536183	
doi	10.1145/359340.359342	
doi	10.1145/3597066.3597087	
doi	10.1145/3638349	arXiv:2110.08354
doi	10.1145/3666000.3669698	
doi	10.1145/3666000.3672619	
doi	10.1145/3708471	LaTeX source
doi	10.1145/3734215	
doi	10.1145/800204.806290	
doi	10.1155/2022/6360264	
doi	10.1155/IJMMS.2005.1039	
doi	10.1215/S0012-7094-04-12235-3	
doi	10.1360/SSM-2024-0264	
doi	10.1515/9783110881035.1	
doi	10.1515/jmc-2019-0023	
doi	10.1515/jmc-2020-0006	
doi	10.1515/jmc-2020-0078	arXiv:0912.1585
doi	10.17863/CAM.1298	
doi	10.18311/jims/1951/17064	
doi	10.2140/ant.2019.13.2103	
doi	10.2140/obs.2019.2.275	
doi	10.22331/q-2021-04-15-433	
doi	10.22331/q-2024-06-17-1375	
doi	10.2307/1969420	(1952), 65–72. [MR
doi	10.2307/1971363	Ann. of Math.
doi	10.2307/1971384	
doi	10.2307/2007633	
doi	10.2307/2007842	, Math. Comp.
doi	10.2307/2008811	But AMS is now behind Cloudflare
doi	10.2307/2152702	
doi	10.2307/2310010	
doi	10.2307/2372160	"The m-th Power Residue Symbol"
doi	10.26421/QIC14.7-8-8	
doi	10.26421/QIC3.2-8	
doi	10.26421/qic14.7-8-8	
doi	10.26421/qic19.1-2-1	QIC 19(1&2) (2019) 1–13
doi	10.26421/qic3.2-	
doi	10.2969/jmsj/01010046	"A reciprocity law of the power residue symbol"
doi	10.3233/FI-2019-1847	
doi	10.3390/math8122126	
doi	10.3934/amc.2009.3	
doi	10.3934/amc.2009.3.205	
doi	10.3934/amc.2010.4.519	
doi	10.4007/annals.2010.171.779	
doi	10.4064/aa-19-1-1-30	(1971), 1–30. [MR
doi	10.4064/aa-83-4-331-361	
doi	10.4064/cm9490-8-2025	
doi	10.4086/toc.2010.v006a001	
doi	10.4086/toc.2021.v017a010	
doi	10.4230/LIPIcs.APPROX-RANDOM.2015.943	
doi	10.4230/LIPIcs.APPROX/RANDOM.2024.75	
doi	10.4230/LIPIcs.CCC.2016.32	
doi	10.4230/LIPIcs.CCC.2020.23	
doi	10.4230/LIPIcs.CCC.2020.33	
doi	10.4230/LIPIcs.CCC.2020.5	
doi	10.4230/LIPIcs.ITCS.2019.60	
doi	10.4230/LIPIcs.MFCS.2016.6	
doi	10.4230/LIPIcs.MFCS.2016.7	
doi	10.46586/tosc.v2022.i1.183-211	
doi	10.48550/ARXIV.1403.2975	
doi	10.48550/ARXIV.1902.02332	
doi	10.48550/ARXIV.1905.07682	
doi	10.48550/ARXIV.1905.08488	
doi	10.48550/ARXIV.1905.08916	
doi	10.48550/ARXIV.1905.09084	
doi	10.48550/ARXIV.2008.04577	
doi	10.48550/ARXIV.2211.15465	
doi	10.48550/ARXIV.2409.11748	
doi	10.48550/ARXIV.2409.17595	
doi	10.48550/ARXIV.2502.17325	
doi	10.48550/ARXIV.QUANT-	
doi	10.48550/ARXIV.QUANT-PH/0201067	
doi	10.48550/arXiv.1808.06709	
doi	10.48550/arXiv.2105.03352	
doi	10.48550/arXiv.2304.03957	
doi	10.48550/arXiv.2304.07474	
doi	10.48550/arXiv.2601.11131	verbatim Theorem 1.1, Algorithm 3.1, eq (3.2)(3.4)(3.5)(3.6), the `2·(64/9)^{1/3}` constant
doi	10.5281/zenodo.15347487	
doi	10.5555/20177.20194	
doi	10.5555/3115473.3115783	
doi	10.5555/940131.940137	
doi	10.5802/ccirm.18	Factorisation des polynômes à plusieurs variables
doi	10.5802/jtnb.101	
doi	10.5802/jtnb.170	
doi	10.59254/sbpo-2025-212078	real but unread
doi	10.6028/NIST.IR.8547.ipd	
doi	10.6028/nist.ir.8547.ipd	
doi	10.7546/nntdm.2023.29.4.737-751	
doi	10.9790/5728-1205031929	| `Round48_CostExponent.md:44,143` |
